{
  "naive_mean": 6.000158303743833,
  "naive_std": 7.526969595799612,
  "dro_mean": 324.94717005940225,
  "dro_std": 203.47835655741818,
  "overhead": 54.156432815555824,
  "n_experiments": 77
}