{
  "dataset": "adult",
  "alpha": 0.3,
  "seed": 5,
  "naive": {
    "time": 18.569863080978394,
    "clean": {
      "accuracy": 0.7713653952459922,
      "dp_violation": 0.006235331296920776,
      "if_violation": 0.03615257048092869
    },
    "corrupted": {
      "accuracy": 0.7366500829187397,
      "dp_violation": 0.028226852416992188,
      "if_violation": 0.04526257600884467
    }
  },
  "dro": {
    "time": 112.90610003471375,
    "clean": {
      "accuracy": 0.25085682697622996,
      "dp_violation": 0.0034387707710266113,
      "if_violation": 0.0015920398009950248
    },
    "corrupted": {
      "accuracy": 0.25030403537866225,
      "dp_violation": 0.0016751885414123535,
      "if_violation": 0.0015478164731896075
    }
  },
  "total_time": 137.90277004241943
}