{
  "dataset": "adult",
  "alpha": 0.2,
  "seed": 9,
  "naive": {
    "time": 24.710144996643066,
    "clean": {
      "accuracy": 0.8172470978441128,
      "dp_violation": 0.14308634400367737,
      "if_violation": 0.030757324488667772
    },
    "corrupted": {
      "accuracy": 0.8035378662244334,
      "dp_violation": 0.10413917899131775,
      "if_violation": 0.035997788833609726
    }
  },
  "dro": {
    "time": 248.72967910766602,
    "clean": {
      "accuracy": 0.8258706467661692,
      "dp_violation": 0.13813138008117676,
      "if_violation": 0.022841348811498064
    },
    "corrupted": {
      "accuracy": 0.8150359314538419,
      "dp_violation": 0.09657517820596695,
      "if_violation": 0.02609176340519624
    }
  },
  "total_time": 283.8291702270508
}