{
  "dataset": "adult",
  "alpha": 0.4,
  "seed": 3,
  "naive": {
    "time": 15.258900880813599,
    "clean": {
      "accuracy": 0.6336097291321172,
      "dp_violation": 0.04807400703430176,
      "if_violation": 0.0005085682697622996
    },
    "corrupted": {
      "accuracy": 0.5716970702045329,
      "dp_violation": 0.006220757961273193,
      "if_violation": 0.00024322830292979546
    }
  },
  "dro": {
    "time": 589.7346951961517,
    "clean": {
      "accuracy": 0.6426755113322278,
      "dp_violation": 0.02697095274925232,
      "if_violation": 0.0005306799336650083
    },
    "corrupted": {
      "accuracy": 0.5673852957435047,
      "dp_violation": 0.0022173523902893066,
      "if_violation": 0.00024322830292979546
    }
  },
  "total_time": 610.7259981632233
}