{
  "dataset": "adult",
  "alpha": 0.4,
  "seed": 1,
  "naive": {
    "time": 15.425249099731445,
    "clean": {
      "accuracy": 0.6369264787175235,
      "dp_violation": 0.06128138303756714,
      "if_violation": 0.00015478164731896074
    },
    "corrupted": {
      "accuracy": 0.5837479270315091,
      "dp_violation": 0.005837917327880859,
      "if_violation": 0.00013266998341625208
    }
  },
  "dro": {
    "time": 653.6004059314728,
    "clean": {
      "accuracy": 0.6637921503593145,
      "dp_violation": 0.03409498929977417,
      "if_violation": 0.00026533996683250415
    },
    "corrupted": {
      "accuracy": 0.5809839690436706,
      "dp_violation": 0.004250943660736084,
      "if_violation": 0.00026533996683250415
    }
  },
  "total_time": 674.739275932312
}