{
  "dataset": "credit",
  "alpha": 0.2,
  "seed": 8,
  "naive": {
    "time": 6.371830940246582,
    "clean": {
      "accuracy": 0.8113333333333334,
      "dp_violation": 0.03070744127035141,
      "if_violation": 0.0025
    },
    "corrupted": {
      "accuracy": 0.8053333333333333,
      "dp_violation": 0.021842114627361298,
      "if_violation": 0.002766666666666667
    }
  },
  "dro": {
    "time": 362.4682002067566,
    "clean": {
      "accuracy": 0.8036666666666666,
      "dp_violation": 0.021139070391654968,
      "if_violation": 0.0033
    },
    "corrupted": {
      "accuracy": 0.7961666666666667,
      "dp_violation": 0.01212998479604721,
      "if_violation": 0.0045
    }
  },
  "total_time": 374.10809111595154
}