{
  "dataset": "credit",
  "alpha": 0.3,
  "seed": 5,
  "naive": {
    "time": 5.6841981410980225,
    "clean": {
      "accuracy": 0.8071666666666667,
      "dp_violation": 0.04614394158124924,
      "if_violation": 0.0023666666666666667
    },
    "corrupted": {
      "accuracy": 0.7886666666666666,
      "dp_violation": 0.013182669878005981,
      "if_violation": 0.008633333333333333
    }
  },
  "dro": {
    "time": 472.4232120513916,
    "clean": {
      "accuracy": 0.7788333333333334,
      "dp_violation": 1.4172790088196052e-06,
      "if_violation": 0.0
    },
    "corrupted": {
      "accuracy": 0.7788333333333334,
      "dp_violation": 6.638001650571823e-06,
      "if_violation": 0.0
    }
  },
  "total_time": 482.7099702358246
}