{
  "dataset": "credit",
  "alpha": 0.3,
  "seed": 9,
  "naive": {
    "time": 4.414102077484131,
    "clean": {
      "accuracy": 0.7966666666666666,
      "dp_violation": 0.04866626858711243,
      "if_violation": 0.006466666666666667
    },
    "corrupted": {
      "accuracy": 0.7473333333333333,
      "dp_violation": 0.020479395985603333,
      "if_violation": 0.025366666666666666
    }
  },
  "dro": {
    "time": 314.5455570220947,
    "clean": {
      "accuracy": 0.7788333333333334,
      "dp_violation": 3.857835650933339e-08,
      "if_violation": 0.0
    },
    "corrupted": {
      "accuracy": 0.7788333333333334,
      "dp_violation": 4.043815238219395e-07,
      "if_violation": 0.0
    }
  },
  "total_time": 322.3102328777313
}