{
  "dataset": "credit",
  "alpha": 0.0,
  "seed": 7,
  "naive": {
    "time": 5.830506086349487,
    "clean": {
      "accuracy": 0.814,
      "dp_violation": 0.030537523329257965,
      "if_violation": 0.0009333333333333333
    },
    "corrupted": {
      "accuracy": 0.814,
      "dp_violation": 0.030537523329257965,
      "if_violation": 0.0009333333333333333
    }
  },
  "dro": {
    "time": 755.5874147415161,
    "clean": {
      "accuracy": 0.8198333333333333,
      "dp_violation": 0.027350567281246185,
      "if_violation": 0.0024333333333333334
    },
    "corrupted": {
      "accuracy": 0.8198333333333333,
      "dp_violation": 0.027350567281246185,
      "if_violation": 0.0024333333333333334
    }
  },
  "total_time": 766.2542150020599
}