{
  "dataset": "credit",
  "alpha": 0.4,
  "seed": 3,
  "naive": {
    "time": 4.211385726928711,
    "clean": {
      "accuracy": 0.7233333333333334,
      "dp_violation": 0.03073030710220337,
      "if_violation": 0.0
    },
    "corrupted": {
      "accuracy": 0.5841666666666666,
      "dp_violation": 0.016458749771118164,
      "if_violation": 0.0
    }
  },
  "dro": {
    "time": 405.3507630825043,
    "clean": {
      "accuracy": 0.7286666666666667,
      "dp_violation": 0.014918237924575806,
      "if_violation": 0.0
    },
    "corrupted": {
      "accuracy": 0.5748333333333333,
      "dp_violation": 0.01161089539527893,
      "if_violation": 0.0
    }
  },
  "total_time": 412.8740322589874
}