{
  "dataset": "credit",
  "alpha": 0.3,
  "seed": 7,
  "naive": {
    "time": 5.068680047988892,
    "clean": {
      "accuracy": 0.8165,
      "dp_violation": 0.04081399738788605,
      "if_violation": 0.004366666666666666
    },
    "corrupted": {
      "accuracy": 0.7845,
      "dp_violation": 0.0002961456775665283,
      "if_violation": 0.0152
    }
  },
  "dro": {
    "time": 486.9495441913605,
    "clean": {
      "accuracy": 0.7788333333333334,
      "dp_violation": 0.00016735613462515175,
      "if_violation": 0.0
    },
    "corrupted": {
      "accuracy": 0.7786666666666666,
      "dp_violation": 0.0005557668628171086,
      "if_violation": 0.0
    }
  },
  "total_time": 495.3262732028961
}