{
  "dataset": "credit",
  "alpha": 0.0,
  "seed": 6,
  "naive": {
    "time": 5.83555006980896,
    "clean": {
      "accuracy": 0.8086666666666666,
      "dp_violation": 0.01594877988100052,
      "if_violation": 0.0014333333333333333
    },
    "corrupted": {
      "accuracy": 0.8086666666666666,
      "dp_violation": 0.01594877988100052,
      "if_violation": 0.0014333333333333333
    }
  },
  "dro": {
    "time": 755.7826390266418,
    "clean": {
      "accuracy": 0.8113333333333334,
      "dp_violation": 0.021499954164028168,
      "if_violation": 0.0017
    },
    "corrupted": {
      "accuracy": 0.8113333333333334,
      "dp_violation": 0.021499954164028168,
      "if_violation": 0.0017
    }
  },
  "total_time": 766.128378868103
}