{
  "dataset": "credit",
  "alpha": 0.1,
  "seed": 0,
  "naive": {
    "time": 6.325073719024658,
    "clean": {
      "accuracy": 0.8123333333333334,
      "dp_violation": 0.02337592840194702,
      "if_violation": 0.0025
    },
    "corrupted": {
      "accuracy": 0.8115,
      "dp_violation": 0.027089186012744904,
      "if_violation": 0.0024
    }
  },
  "dro": {
    "time": 227.3825967311859,
    "clean": {
      "accuracy": 0.8158333333333333,
      "dp_violation": 0.017342619597911835,
      "if_violation": 0.002533333333333333
    },
    "corrupted": {
      "accuracy": 0.8146666666666667,
      "dp_violation": 0.01891493797302246,
      "if_violation": 0.0024333333333333334
    }
  },
  "total_time": 238.87818121910095
}