{
  "dataset": "lsac",
  "alpha": 0.1,
  "seed": 8,
  "naive": {
    "time": 4.155731201171875,
    "clean": {
      "accuracy": 0.9109387536774539,
      "dp_violation": 0.017878234386444092,
      "if_violation": 0.0011767852366943033
    },
    "corrupted": {
      "accuracy": 0.9104038512971383,
      "dp_violation": 0.01303023099899292,
      "if_violation": 0.0010698047606311847
    }
  },
  "dro": {
    "time": 108.37793779373169,
    "clean": {
      "accuracy": 0.9090665953463493,
      "dp_violation": 0.0122603178024292,
      "if_violation": 0.00032094142818935543
    },
    "corrupted": {
      "accuracy": 0.9079967905857181,
      "dp_violation": 0.011008024215698242,
      "if_violation": 0.00032094142818935543
    }
  },
  "total_time": 114.5058000087738
}