{
  "dataset": "lsac",
  "alpha": 0.0,
  "seed": 7,
  "naive": {
    "time": 3.6593821048736572,
    "clean": {
      "accuracy": 0.9069269858250869,
      "dp_violation": 0.021562695503234863,
      "if_violation": 0.00010698047606311849
    },
    "corrupted": {
      "accuracy": 0.9069269858250869,
      "dp_violation": 0.021562695503234863,
      "if_violation": 0.00010698047606311849
    }
  },
  "dro": {
    "time": 524.8283789157867,
    "clean": {
      "accuracy": 0.9087991441561915,
      "dp_violation": 0.019373774528503418,
      "if_violation": 0.001337255950788981
    },
    "corrupted": {
      "accuracy": 0.9087991441561915,
      "dp_violation": 0.019373774528503418,
      "if_violation": 0.001337255950788981
    }
  },
  "total_time": 530.3317179679871
}