{
  "dataset": "lsac",
  "alpha": 0.0,
  "seed": 1,
  "naive": {
    "time": 3.1601357460021973,
    "clean": {
      "accuracy": 0.9005081572612998,
      "dp_violation": 0.030872881412506104,
      "if_violation": 0.0006418828563787109
    },
    "corrupted": {
      "accuracy": 0.9005081572612998,
      "dp_violation": 0.030872881412506104,
      "if_violation": 0.0006418828563787109
    }
  },
  "dro": {
    "time": 563.9380128383636,
    "clean": {
      "accuracy": 0.9034501203530356,
      "dp_violation": 0.028717339038848877,
      "if_violation": 0.0007488633324418294
    },
    "corrupted": {
      "accuracy": 0.9034501203530356,
      "dp_violation": 0.028717339038848877,
      "if_violation": 0.0007488633324418294
    }
  },
  "total_time": 568.8805787563324
}