{
  "dataset": "lsac",
  "alpha": 0.2,
  "seed": 0,
  "naive": {
    "time": 4.027827024459839,
    "clean": {
      "accuracy": 0.9047873763038246,
      "dp_violation": 0.03747880458831787,
      "if_violation": 0.00021396095212623697
    },
    "corrupted": {
      "accuracy": 0.9031826691628778,
      "dp_violation": 0.030140578746795654,
      "if_violation": 0.0010163145225996256
    }
  },
  "dro": {
    "time": 181.94721102714539,
    "clean": {
      "accuracy": 0.9018454132120888,
      "dp_violation": 0.0,
      "if_violation": 0.0
    },
    "corrupted": {
      "accuracy": 0.9018454132120888,
      "dp_violation": 0.0,
      "if_violation": 0.0
    }
  },
  "total_time": 188.0480978488922
}