{
  "dataset": "lsac",
  "alpha": 0.0,
  "seed": 8,
  "naive": {
    "time": 4.456773996353149,
    "clean": {
      "accuracy": 0.9104038512971383,
      "dp_violation": 0.018858790397644043,
      "if_violation": 0.0014977266648836588
    },
    "corrupted": {
      "accuracy": 0.9104038512971383,
      "dp_violation": 0.018858790397644043,
      "if_violation": 0.0014977266648836588
    }
  },
  "dro": {
    "time": 502.91637682914734,
    "clean": {
      "accuracy": 0.9085316929660336,
      "dp_violation": 0.015361189842224121,
      "if_violation": 0.001337255950788981
    },
    "corrupted": {
      "accuracy": 0.9085316929660336,
      "dp_violation": 0.015361189842224121,
      "if_violation": 0.001337255950788981
    }
  },
  "total_time": 509.49676489830017
}