{
  "dataset": "lsac",
  "alpha": 0.0,
  "seed": 4,
  "naive": {
    "time": 3.731397867202759,
    "clean": {
      "accuracy": 0.9074618882054025,
      "dp_violation": 0.025517165660858154,
      "if_violation": 0.0008558438085049479
    },
    "corrupted": {
      "accuracy": 0.9074618882054025,
      "dp_violation": 0.025517165660858154,
      "if_violation": 0.0008558438085049479
    }
  },
  "dro": {
    "time": 496.32553601264954,
    "clean": {
      "accuracy": 0.905589729874298,
      "dp_violation": 0.027509629726409912,
      "if_violation": 0.00042792190425247395
    },
    "corrupted": {
      "accuracy": 0.905589729874298,
      "dp_violation": 0.027509629726409912,
      "if_violation": 0.00042792190425247395
    }
  },
  "total_time": 502.05699467658997
}