{
  "dataset": "lsac",
  "alpha": 0.0,
  "seed": 0,
  "naive": {
    "time": 5.294150114059448,
    "clean": {
      "accuracy": 0.905589729874298,
      "dp_violation": 0.02823120355606079,
      "if_violation": 0.00032094142818935543
    },
    "corrupted": {
      "accuracy": 0.905589729874298,
      "dp_violation": 0.02823120355606079,
      "if_violation": 0.00032094142818935543
    }
  },
  "dro": {
    "time": 500.942932844162,
    "clean": {
      "accuracy": 0.9071944370152447,
      "dp_violation": 0.024926722049713135,
      "if_violation": 0.00042792190425247395
    },
    "corrupted": {
      "accuracy": 0.9071944370152447,
      "dp_violation": 0.024926722049713135,
      "if_violation": 0.00042792190425247395
    }
  },
  "total_time": 510.5940959453583
}