{
  "dataset": "lsac",
  "alpha": 0.0,
  "seed": 5,
  "naive": {
    "time": 3.525073766708374,
    "clean": {
      "accuracy": 0.9087991441561915,
      "dp_violation": 0.01374959945678711,
      "if_violation": 0.00032094142818935543
    },
    "corrupted": {
      "accuracy": 0.9087991441561915,
      "dp_violation": 0.01374959945678711,
      "if_violation": 0.00032094142818935543
    }
  },
  "dro": {
    "time": 490.6166672706604,
    "clean": {
      "accuracy": 0.9125434608184007,
      "dp_violation": 0.014234602451324463,
      "if_violation": 0.0017116876170098958
    },
    "corrupted": {
      "accuracy": 0.9125434608184007,
      "dp_violation": 0.014234602451324463,
      "if_violation": 0.0017116876170098958
    }
  },
  "total_time": 495.9536030292511
}