{
  "dataset": "lsac",
  "alpha": 0.1,
  "seed": 7,
  "naive": {
    "time": 4.046966791152954,
    "clean": {
      "accuracy": 0.9077293393955603,
      "dp_violation": 0.01717311143875122,
      "if_violation": 0.00010698047606311849
    },
    "corrupted": {
      "accuracy": 0.9071944370152447,
      "dp_violation": 0.019090652465820312,
      "if_violation": 0.00010698047606311849
    }
  },
  "dro": {
    "time": 163.40497088432312,
    "clean": {
      "accuracy": 0.9071944370152447,
      "dp_violation": 0.01418536901473999,
      "if_violation": 0.0006418828563787109
    },
    "corrupted": {
      "accuracy": 0.9063920834447713,
      "dp_violation": 0.018292248249053955,
      "if_violation": 0.0009628242845680663
    }
  },
  "total_time": 169.4963321685791
}