{
  "dataset": "lsac",
  "alpha": 0.0,
  "seed": 2,
  "naive": {
    "time": 4.076095104217529,
    "clean": {
      "accuracy": 0.9045199251136667,
      "dp_violation": 0.012897849082946777,
      "if_violation": 0.00021396095212623697
    },
    "corrupted": {
      "accuracy": 0.9045199251136667,
      "dp_violation": 0.012897849082946777,
      "if_violation": 0.00021396095212623697
    }
  },
  "dro": {
    "time": 509.05735874176025,
    "clean": {
      "accuracy": 0.9074618882054025,
      "dp_violation": 0.01817774772644043,
      "if_violation": 0.00021396095212623697
    },
    "corrupted": {
      "accuracy": 0.9074618882054025,
      "dp_violation": 0.01817774772644043,
      "if_violation": 0.00021396095212623697
    }
  },
  "total_time": 515.1559302806854
}