{
  "dataset": "lsac",
  "alpha": 0.0,
  "seed": 9,
  "naive": {
    "time": 3.6841211318969727,
    "clean": {
      "accuracy": 0.9071944370152447,
      "dp_violation": 0.02014380693435669,
      "if_violation": 0.00021396095212623697
    },
    "corrupted": {
      "accuracy": 0.9071944370152447,
      "dp_violation": 0.02014380693435669,
      "if_violation": 0.00021396095212623697
    }
  },
  "dro": {
    "time": 523.831668138504,
    "clean": {
      "accuracy": 0.9061246322546135,
      "dp_violation": 0.027949154376983643,
      "if_violation": 0.0007488633324418294
    },
    "corrupted": {
      "accuracy": 0.9061246322546135,
      "dp_violation": 0.027949154376983643,
      "if_violation": 0.0007488633324418294
    }
  },
  "total_time": 529.3314371109009
}