{
  "dataset": "lsac",
  "alpha": 0.0,
  "seed": 3,
  "naive": {
    "time": 3.6455979347229004,
    "clean": {
      "accuracy": 0.9063920834447713,
      "dp_violation": 0.028450310230255127,
      "if_violation": 0.0011767852366943033
    },
    "corrupted": {
      "accuracy": 0.9063920834447713,
      "dp_violation": 0.028450310230255127,
      "if_violation": 0.0011767852366943033
    }
  },
  "dro": {
    "time": 539.4190590381622,
    "clean": {
      "accuracy": 0.9069269858250869,
      "dp_violation": 0.030331730842590332,
      "if_violation": 0.0006418828563787109
    },
    "corrupted": {
      "accuracy": 0.9069269858250869,
      "dp_violation": 0.030331730842590332,
      "if_violation": 0.0006418828563787109
    }
  },
  "total_time": 544.8225557804108
}