{
  "dataset": "lsac",
  "alpha": 0.4,
  "seed": 6,
  "naive": {
    "time": 4.4822258949279785,
    "clean": {
      "accuracy": 0.8892752072746724,
      "dp_violation": 0.013261497020721436,
      "if_violation": 0.0
    },
    "corrupted": {
      "accuracy": 0.8192029954533298,
      "dp_violation": 0.004517912864685059,
      "if_violation": 0.0
    }
  },
  "dro": {
    "time": 380.4151129722595,
    "clean": {
      "accuracy": 0.8732281358652046,
      "dp_violation": 0.005675792694091797,
      "if_violation": 0.0
    },
    "corrupted": {
      "accuracy": 0.7766782562182402,
      "dp_violation": 0.002479076385498047,
      "if_violation": 0.0
    }
  },
  "total_time": 387.64675211906433
}