{
  "dataset": "lsac",
  "alpha": 0.1,
  "seed": 4,
  "naive": {
    "time": 4.015768051147461,
    "clean": {
      "accuracy": 0.908264241775876,
      "dp_violation": 0.027390897274017334,
      "if_violation": 0.0014977266648836588
    },
    "corrupted": {
      "accuracy": 0.9074618882054025,
      "dp_violation": 0.02661895751953125,
      "if_violation": 0.0014977266648836588
    }
  },
  "dro": {
    "time": 118.43062901496887,
    "clean": {
      "accuracy": 0.9042524739235089,
      "dp_violation": 0.027004599571228027,
      "if_violation": 0.00032094142818935543
    },
    "corrupted": {
      "accuracy": 0.9031826691628778,
      "dp_violation": 0.02831059694290161,
      "if_violation": 0.00042792190425247395
    }
  },
  "total_time": 124.49133324623108
}