{
  "dataset": "lsac",
  "alpha": 0.1,
  "seed": 0,
  "naive": {
    "time": 3.7024216651916504,
    "clean": {
      "accuracy": 0.9066595346349291,
      "dp_violation": 0.025067150592803955,
      "if_violation": 0.00042792190425247395
    },
    "corrupted": {
      "accuracy": 0.9061246322546135,
      "dp_violation": 0.01929539442062378,
      "if_violation": 0.00032094142818935543
    }
  },
  "dro": {
    "time": 167.01767706871033,
    "clean": {
      "accuracy": 0.9087991441561915,
      "dp_violation": 0.018098771572113037,
      "if_violation": 0.00042792190425247395
    },
    "corrupted": {
      "accuracy": 0.908264241775876,
      "dp_violation": 0.013263583183288574,
      "if_violation": 0.00042792190425247395
    }
  },
  "total_time": 172.63415217399597
}