{
  "dataset": "lsac",
  "alpha": 0.1,
  "seed": 1,
  "naive": {
    "time": 3.788562774658203,
    "clean": {
      "accuracy": 0.9034501203530356,
      "dp_violation": 0.027653157711029053,
      "if_violation": 0.00032094142818935543
    },
    "corrupted": {
      "accuracy": 0.9031826691628778,
      "dp_violation": 0.019845128059387207,
      "if_violation": 0.00032094142818935543
    }
  },
  "dro": {
    "time": 85.92757105827332,
    "clean": {
      "accuracy": 0.90291521797272,
      "dp_violation": 0.005075395107269287,
      "if_violation": 0.00010698047606311849
    },
    "corrupted": {
      "accuracy": 0.9023803155924044,
      "dp_violation": 0.003844738006591797,
      "if_violation": 0.00010698047606311849
    }
  },
  "total_time": 91.5627269744873
}