dataset,attack,alpha,n,dp_naive_mean,dp_dro_mean,dp_reduction_pct,dp_pvalue,dp_wins,if_naive_mean,if_dro_mean,if_reduction_pct,if_pvalue,if_wins
adult,combined,0.1,5,0.1268920347094536,0.15427915900945663,-21.5830112618263,1.0,0,0.022489265058921914,0.026240618023716456,-16.68063090057814,0.96875,1
adult,combined,0.2,4,0.1893086638301611,0.081195876467973,57.109262441499034,0.125,3,0.034667748404843594,0.010616626696750661,69.37605087478813,0.0625,4
adult,dp,0.1,5,0.20559119582176208,0.22967520952224732,-11.714515513550198,0.96875,1,0.04187926319617933,0.046466884976514924,-10.954396841715308,0.90625,2
adult,dp,0.2,5,0.17053205892443657,0.20925927460193633,-22.709638088458274,0.9375,1,0.05047414321384246,0.04597383896142753,8.916056963548474,0.3125,3
adult,if,0.1,5,0.151637202501297,0.16855375170707704,-11.15593522641109,0.96875,1,0.031260715259397664,0.0341533889935702,-9.253380112487736,0.84375,2
adult,if,0.2,4,0.11016970034688711,0.11022194568067789,-0.047422593402738605,0.6875,1,0.02373125499817256,0.020381175107087264,14.116735417784385,0.125,3
