{
  "naive_mean": 2.698323799434461,
  "naive_std": 1.1919001779953853,
  "dro_mean": 178.5674037807866,
  "dro_std": 122.77013085600696,
  "overhead": 66.17715924909099,
  "n_experiments": 95
}