{
  "naive_mean": 10.606926362515768,
  "naive_std": 9.136247634887695,
  "dro_mean": 397.5569051114722,
  "dro_std": 258.5384826660156,
  "overhead": 37.48140335083008,
  "n_experiments": 150,
  "source": "all_results.json (authoritative)",
  "note": "Regenerated from full 150-experiment dataset"
}
